[
    {
        "function": "minecraft:reference",
        "name": "hephaestools:tool_update/excavator",
        "conditions": [
            {
                "condition": "minecraft:value_check",
                "value": {
                    "type": "minecraft:score",
                    "target": {
                        "type": "minecraft:fixed",
                        "name": "type"
                    },
                    "score": "int"
                },
                "range": 1
            }
        ]
    },
    {
        "function": "minecraft:reference",
        "name": "hephaestools:tool_update/hammer",
        "conditions": [
            {
                "condition": "minecraft:value_check",
                "value": {
                    "type": "minecraft:score",
                    "target": {
                        "type": "minecraft:fixed",
                        "name": "type"
                    },
                    "score": "int"
                },
                "range": 2
            }
        ]
    },
    {
        "function": "minecraft:reference",
        "name": "hephaestools:tool_update/lumberjack",
        "conditions": [
            {
                "condition": "minecraft:value_check",
                "value": {
                    "type": "minecraft:score",
                    "target": {
                        "type": "minecraft:fixed",
                        "name": "type"
                    },
                    "score": "int"
                },
                "range": 3
            }
        ]
    },
    {
        "function": "minecraft:reference",
        "name": "hephaestools:tool_update/vein_miner",
        "conditions": [
            {
                "condition": "minecraft:value_check",
                "value": {
                    "type": "minecraft:score",
                    "target": {
                        "type": "minecraft:fixed",
                        "name": "type"
                    },
                    "score": "int"
                },
                "range": 4
            }
        ]
    }
]