[
    {
        "function": "minecraft:copy_nbt",
        "source": {
            "type": "minecraft:storage",
            "source": "hephaestools:tool"
        },
        "ops": [
            {
                "source": "Damage",
                "target": "Damage",
                "op": "replace"
            }
        ],
        "conditions": [
            {
                "condition": "minecraft:any_of",
                "terms": [
                    {
                        "condition": "minecraft:all_of",
                        "terms": [
                            {
                                "condition": "minecraft:entity_properties",
                                "entity": "this",
                                "predicate": {
                                    "equipment": {
                                        "mainhand": {
                                            "enchantments": [
                                                {
                                                    "enchantment": "minecraft:unbreaking",
                                                    "levels": 3
                                                }
                                            ]
                                        }
                                    }
                                }
                            },
                            {
                                "condition": "minecraft:random_chance",
                                "chance": 0.25
                            }
                        ]
                    },
                    {
                        "condition": "minecraft:all_of",
                        "terms": [
                            {
                                "condition": "minecraft:entity_properties",
                                "entity": "this",
                                "predicate": {
                                    "equipment": {
                                        "mainhand": {
                                            "enchantments": [
                                                {
                                                    "enchantment": "minecraft:unbreaking",
                                                    "levels": 2
                                                }
                                            ]
                                        }
                                    }
                                }
                            },
                            {
                                "condition": "minecraft:random_chance",
                                "chance": 0.33
                            }
                        ]
                    },
                    {
                        "condition": "minecraft:all_of",
                        "terms": [
                            {
                                "condition": "minecraft:entity_properties",
                                "entity": "this",
                                "predicate": {
                                    "equipment": {
                                        "mainhand": {
                                            "enchantments": [
                                                {
                                                    "enchantment": "minecraft:unbreaking",
                                                    "levels": 1
                                                }
                                            ]
                                        }
                                    }
                                }
                            },
                            {
                                "condition": "minecraft:random_chance",
                                "chance": 0.50
                            }
                        ]
                    },
                    {
                        "condition": "minecraft:inverted",
                        "term": {
                            "condition": "minecraft:entity_properties",
                            "entity": "this",
                            "predicate": {
                                "equipment": {
                                    "mainhand": {
                                        "enchantments": [
                                            {
                                                "enchantment": "minecraft:unbreaking"
                                            }
                                        ]
                                    }
                                }
                            }
                        }
                    }
                ]
            }
        ]
    }
]
