{
    "criteria": {
        "requirement": {
            "trigger": "minecraft:tick",
            "conditions": {
                "player": [
                    {
                        "condition": "minecraft:entity_properties",
                        "entity": "this",
                        "predicate": {
                            "equipment": {
                                "mainhand": {
                                    "nbt": "{effect:{}}"
                                }
                            }
                        }
                    }
                ]
            }
        }
    },
    "rewards": {
        "function": "hephaestools:effect/give"
    }
}
