{
    "pools": [
        {
            "rolls": 1,
            "entries": [
                {
                    "type": "minecraft:item",
                    "name": "minecraft:diamond_pickaxe",
                    "functions": [
                        {
                            "function": "minecraft:set_name",
                            "entity": "this",
                            "name": {
                                "translate": "hephaestools.hammer.diamond",
                                "fallback": "Diamond Hammer",
                                "italic": false
                            }
                        },
                        {
                            "function": "minecraft:set_lore",
                            "entity": "this",
                            "lore": [
                                "",
                                {
                                    "translate": "item.modifiers.mainhand",
                                    "color": "gray",
                                    "italic": false
                                },
                                [
                                    {
                                        "text": " 12 ",
                                        "color": "dark_green",
                                        "italic": false
                                    },
                                    {
                                        "translate": "attribute.name.generic.attack_damage"
                                    }
                                ],
                                [
                                    {
                                        "text": " 0.6 ",
                                        "color": "dark_green",
                                        "italic": false
                                    },
                                    {
                                        "translate": "attribute.name.generic.attack_speed"
                                    }
                                ],
                                [
                                    {
                                        "text": " 80% ",
                                        "color": "dark_green",
                                        "italic": false
                                    },
                                    {
                                        "translate": "attribute.name.generic.movement_speed"
                                    }
                                ]
                            ],
                            "replace": true
                        },
                        {
                            "function": "minecraft:set_attributes",
                            "modifiers": [
                                {
                                    "attribute": "minecraft:generic.attack_damage",
                                    "name": "attack_damage",
                                    "amount": 12,
                                    "operation": "addition",
                                    "id": "0d317323-3580-4992-9b62-3b21d9412d85",
                                    "slot": "mainhand"
                                },
                                {
                                    "attribute": "minecraft:generic.attack_speed",
                                    "name": "generic.attack_speed",
                                    "amount": -3.4,
                                    "operation": "addition",
                                    "id": "bddc2fd6-3da8-47dc-bfdf-854475c04db1",
                                    "slot": "mainhand"
                                },
                                {
                                    "attribute": "minecraft:generic.movement_speed",
                                    "name": "generic.movement_speed",
                                    "amount": -0.2,
                                    "operation": "multiply_base",
                                    "id": "33638034-b3ea-4d2e-827f-269b59c2e814",
                                    "slot": "mainhand"
                                }
                            ]
                        },
                        {
                            "function": "minecraft:set_nbt",
                            "tag": "{CustomModelData: 70001, material: 'diamond', type: 'hammer', effect:{mining_fatigue: 0s}, mining_level: 4, HideFlags: 2}"
                        }
                    ]
                }
            ]
        }
    ]
}
