{
    "pools": [
        {
            "rolls": 1,
            "entries": [
                {
                    "type": "minecraft:item",
                    "name": "minecraft:golden_pickaxe",
                    "functions": [
                        {
                            "function": "minecraft:set_name",
                            "entity": "this",
                            "name": {
                                "translate": "hephaestools.vein_miner.golden",
                                "fallback": "Golden Vein Miner",
                                "italic": false
                            }
                        },
                        {
                            "function": "minecraft:set_lore",
                            "entity": "this",
                            "lore": [
                                "",
                                {
                                    "translate": "item.modifiers.mainhand",
                                    "color": "gray",
                                    "italic": false
                                },
                                [
                                    {
                                        "text": " 14 ",
                                        "color": "dark_green",
                                        "italic": false
                                    },
                                    {
                                        "translate": "attribute.name.generic.attack_damage"
                                    }
                                ],
                                [
                                    {
                                        "text": " 0.4 ",
                                        "color": "dark_green",
                                        "italic": false
                                    },
                                    {
                                        "translate": "attribute.name.generic.attack_speed"
                                    }
                                ],
                                [
                                    {
                                        "text": " 50% ",
                                        "color": "dark_green",
                                        "italic": false
                                    },
                                    {
                                        "translate": "attribute.name.generic.movement_speed"
                                    }
                                ]
                            ],
                            "replace": true
                        },
                        {
                            "function": "minecraft:set_attributes",
                            "modifiers": [
                                {
                                    "attribute": "minecraft:generic.attack_damage",
                                    "name": "attack_damage",
                                    "amount": 14,
                                    "operation": "addition",
                                    "id": "1b8d65d2-e647-4d8e-9818-2415484f575d",
                                    "slot": "mainhand"
                                },
                                {
                                    "attribute": "minecraft:generic.attack_speed",
                                    "name": "generic.attack_speed",
                                    "amount": -3.6,
                                    "operation": "addition",
                                    "id": "0425e5ce-2aa7-4f85-bf64-d276b32ce1af",
                                    "slot": "mainhand"
                                },
                                {
                                    "attribute": "minecraft:generic.movement_speed",
                                    "name": "generic.movement_speed",
                                    "amount": -0.5,
                                    "operation": "multiply_base",
                                    "id": "d628f792-f842-482b-9d57-a22e69a92d38",
                                    "slot": "mainhand"
                                }
                            ]
                        },
                        {
                            "function": "minecraft:set_nbt",
                            "tag": "{CustomModelData: 70002, material: 'golden', type: 'vein_miner', effect:{mining_fatigue: 0s}, mining_level: 1, HideFlags: 2}"
                        }
                    ]
                }
            ]
        }
    ]
}
