{
    "pools": [
        {
            "rolls": 1,
            "entries": [
                {
                    "type": "minecraft:item",
                    "name": "minecraft:iron_pickaxe",
                    "functions": [
                        {
                            "function": "minecraft:set_name",
                            "entity": "this",
                            "name": {
                                "translate": "hephaestools.vein_miner.iron",
                                "fallback": "Iron Vein Miner",
                                "italic": false
                            }
                        },
                        {
                            "function": "minecraft:set_lore",
                            "entity": "this",
                            "lore": [
                                "",
                                {
                                    "translate": "item.modifiers.mainhand",
                                    "color": "gray",
                                    "italic": false
                                },
                                [
                                    {
                                        "text": " 11 ",
                                        "color": "dark_green",
                                        "italic": false
                                    },
                                    {
                                        "translate": "attribute.name.generic.attack_damage"
                                    }
                                ],
                                [
                                    {
                                        "text": " 0.8 ",
                                        "color": "dark_green",
                                        "italic": false
                                    },
                                    {
                                        "translate": "attribute.name.generic.attack_speed"
                                    }
                                ],
                                [
                                    {
                                        "text": " 85% ",
                                        "color": "dark_green",
                                        "italic": false
                                    },
                                    {
                                        "translate": "attribute.name.generic.movement_speed"
                                    }
                                ]
                            ],
                            "replace": true
                        },
                        {
                            "function": "minecraft:set_attributes",
                            "modifiers": [
                                {
                                    "attribute": "minecraft:generic.attack_damage",
                                    "name": "attack_damage",
                                    "amount": 11,
                                    "operation": "addition",
                                    "id": "417b4655-8008-41d8-aa65-2ab4b463d86a",
                                    "slot": "mainhand"
                                },
                                {
                                    "attribute": "minecraft:generic.attack_speed",
                                    "name": "generic.attack_speed",
                                    "amount": -3.2,
                                    "operation": "addition",
                                    "id": "47f16bbd-07fc-4bff-bb40-7f23b452fd08",
                                    "slot": "mainhand"
                                },
                                {
                                    "attribute": "minecraft:generic.movement_speed",
                                    "name": "generic.movement_speed",
                                    "amount": -0.15,
                                    "operation": "multiply_base",
                                    "id": "7b6e452a-7722-4569-8d5f-edb0a48a2940",
                                    "slot": "mainhand"
                                }
                            ]
                        },
                        {
                            "function": "minecraft:set_nbt",
                            "tag": "{CustomModelData: 70002, material: 'iron', type: 'vein_miner', effect:{mining_fatigue: 0s}, mining_level: 3, HideFlags: 2}"
                        }
                    ]
                }
            ]
        }
    ]
}
