{
    "pools": [
        {
            "rolls": 1,
            "entries": [
                {
                    "type": "minecraft:item",
                    "name": "minecraft:stone_pickaxe",
                    "functions": [
                        {
                            "function": "minecraft:set_name",
                            "entity": "this",
                            "name": {
                                "translate": "hephaestools.vein_miner.stone",
                                "fallback": "Stone Vein Miner",
                                "italic": false
                            }
                        },
                        {
                            "function": "minecraft:set_lore",
                            "entity": "this",
                            "lore": [
                                "",
                                {
                                    "translate": "item.modifiers.mainhand",
                                    "color": "gray",
                                    "italic": false
                                },
                                [
                                    {
                                        "text": " 10 ",
                                        "color": "dark_green",
                                        "italic": false
                                    },
                                    {
                                        "translate": "attribute.name.generic.attack_damage"
                                    }
                                ],
                                [
                                    {
                                        "text": " 0.9 ",
                                        "color": "dark_green",
                                        "italic": false
                                    },
                                    {
                                        "translate": "attribute.name.generic.attack_speed"
                                    }
                                ],
                                [
                                    {
                                        "text": " 90% ",
                                        "color": "dark_green",
                                        "italic": false
                                    },
                                    {
                                        "translate": "attribute.name.generic.movement_speed"
                                    }
                                ]
                            ],
                            "replace": true
                        },
                        {
                            "function": "minecraft:set_attributes",
                            "modifiers": [
                                {
                                    "attribute": "minecraft:generic.attack_damage",
                                    "name": "attack_damage",
                                    "amount": 10,
                                    "operation": "addition",
                                    "id": "b2a3522e-9086-40f5-a4f9-b25577fb86a0",
                                    "slot": "mainhand"
                                },
                                {
                                    "attribute": "minecraft:generic.attack_speed",
                                    "name": "generic.attack_speed",
                                    "amount": -3.1,
                                    "operation": "addition",
                                    "id": "a6260d11-49f8-4c66-a075-5f964da572a3",
                                    "slot": "mainhand"
                                },
                                {
                                    "attribute": "minecraft:generic.movement_speed",
                                    "name": "generic.movement_speed",
                                    "amount": -0.1,
                                    "operation": "multiply_base",
                                    "id": "1db20303-d6d9-49b2-9c50-65bce35ff600",
                                    "slot": "mainhand"
                                }
                            ]
                        },
                        {
                            "function": "minecraft:set_nbt",
                            "tag": "{CustomModelData: 70002, material: 'stone', type: 'vein_miner', effect:{mining_fatigue: 0s}, mining_level: 2, HideFlags: 2}"
                        }
                    ]
                }
            ]
        }
    ]
}
