{
    "pools": [
        {
            "rolls": 1,
            "entries": [
                {
                    "type": "minecraft:item",
                    "name": "minecraft:wooden_pickaxe",
                    "functions": [
                        {
                            "function": "minecraft:set_name",
                            "entity": "this",
                            "name": {
                                "translate": "hephaestools.vein_miner.wooden",
                                "fallback": "Wooden Vein Miner",
                                "italic": false
                            }
                        },
                        {
                            "function": "minecraft:set_lore",
                            "entity": "this",
                            "lore": [
                                "",
                                {
                                    "translate": "item.modifiers.mainhand",
                                    "color": "gray",
                                    "italic": false
                                },
                                [
                                    {
                                        "text": " 8 ",
                                        "color": "dark_green",
                                        "italic": false
                                    },
                                    {
                                        "translate": "attribute.name.generic.attack_damage"
                                    }
                                ],
                                [
                                    {
                                        "text": " 1 ",
                                        "color": "dark_green",
                                        "italic": false
                                    },
                                    {
                                        "translate": "attribute.name.generic.attack_speed"
                                    }
                                ],
                                [
                                    {
                                        "text": " 95% ",
                                        "color": "dark_green",
                                        "italic": false
                                    },
                                    {
                                        "translate": "attribute.name.generic.movement_speed"
                                    }
                                ]
                            ],
                            "replace": true
                        },
                        {
                            "function": "minecraft:set_attributes",
                            "modifiers": [
                                {
                                    "attribute": "minecraft:generic.attack_damage",
                                    "name": "attack_damage",
                                    "amount": 8,
                                    "operation": "addition",
                                    "id": "4209cb79-d62b-4444-836c-f25c11d05f7e",
                                    "slot": "mainhand"
                                },
                                {
                                    "attribute": "minecraft:generic.attack_speed",
                                    "name": "generic.attack_speed",
                                    "amount": -3,
                                    "operation": "addition",
                                    "id": "347d3a4d-8ab5-4440-9b55-850a7d295a64",
                                    "slot": "mainhand"
                                },
                                {
                                    "attribute": "minecraft:generic.movement_speed",
                                    "name": "generic.movement_speed",
                                    "amount": -0.05,
                                    "operation": "multiply_base",
                                    "id": "aafeca15-321e-41ac-a7a3-7ae1dae05e87",
                                    "slot": "mainhand"
                                }
                            ]
                        },
                        {
                            "function": "minecraft:set_nbt",
                            "tag": "{CustomModelData: 70002, material: 'wooden', type: 'vein_miner', effect:{mining_fatigue: 0s}, mining_level: 1, HideFlags: 2}"
                        }
                    ]
                }
            ]
        }
    ]
}
