[
    {
        "function": "minecraft:set_name",
        "entity": "this",
        "name": {
            "translate": "hephaestools.hammer.netherite",
            "fallback": "Netherite Hammer",
            "italic": false
        }
    },
    {
        "function": "minecraft:set_lore",
        "entity": "this",
        "lore": [
            "",
            {
                "translate": "item.modifiers.mainhand",
                "color": "gray",
                "italic": false
            },
            [
                {
                    "text": " 13 ",
                    "color": "dark_green",
                    "italic": false
                },
                {
                    "translate": "attribute.name.generic.attack_damage"
                }
            ],
            [
                {
                    "text": " 0.8 ",
                    "color": "dark_green",
                    "italic": false
                },
                {
                    "translate": "attribute.name.generic.attack_speed"
                }
            ],
            [
                {
                    "text": " 80% ",
                    "color": "dark_green",
                    "italic": false
                },
                {
                    "translate": "attribute.name.generic.movement_speed"
                }
            ]
        ],
        "replace": true
    },
    {
        "function": "minecraft:set_attributes",
        "modifiers": [
            {
                "attribute": "minecraft:generic.attack_damage",
                "name": "attack_damage",
                "amount": 13,
                "operation": "addition",
                "id": "9b0cb7f5-6c5a-4788-bd25-8156d6f890a6",
                "slot": "mainhand"
            },
            {
                "attribute": "minecraft:generic.attack_speed",
                "name": "generic.attack_speed",
                "amount": -3.2,
                "operation": "addition",
                "id": "8c430ecf-af94-4d7d-9e1b-aa1ca6c5596f",
                "slot": "mainhand"
            },
            {
                "attribute": "minecraft:generic.movement_speed",
                "name": "generic.movement_speed",
                "amount": -0.2,
                "operation": "multiply_base",
                "id": "d800eccc-ab10-49c4-b446-0b7b3e9130a0",
                "slot": "mainhand"
            }
        ]
    },
    {
        "function": "minecraft:set_nbt",
        "tag": "{CustomModelData: 70001, material: 'netherite', type: 'hammer', effect:{mining_fatigue: 0s}, mining_level: 5, HideFlags: 2}"
    }
]