[
    {
        "function": "minecraft:set_name",
        "entity": "this",
        "name": {
            "translate": "hephaestools.vein_miner.netherite",
            "fallback": "Netherite Vein Miner",
            "italic": false
        }
    },
    {
        "function": "minecraft:set_lore",
        "entity": "this",
        "lore": [
            "",
            {
                "translate": "item.modifiers.mainhand",
                "color": "gray",
                "italic": false
            },
            [
                {
                    "text": " 13 ",
                    "color": "dark_green",
                    "italic": false
                },
                {
                    "translate": "attribute.name.generic.attack_damage"
                }
            ],
            [
                {
                    "text": " 0.8 ",
                    "color": "dark_green",
                    "italic": false
                },
                {
                    "translate": "attribute.name.generic.attack_speed"
                }
            ],
            [
                {
                    "text": " 80% ",
                    "color": "dark_green",
                    "italic": false
                },
                {
                    "translate": "attribute.name.generic.movement_speed"
                }
            ]
        ],
        "replace": true
    },
    {
        "function": "minecraft:set_attributes",
        "modifiers": [
            {
                "attribute": "minecraft:generic.attack_damage",
                "name": "attack_damage",
                "amount": 13,
                "operation": "addition",
                "id": "ec24f192-6e91-431e-99a2-fce9c14c2bdd",
                "slot": "mainhand"
            },
            {
                "attribute": "minecraft:generic.attack_speed",
                "name": "generic.attack_speed",
                "amount": -3.2,
                "operation": "addition",
                "id": "775c2b03-72e4-41a1-bd02-de0e3e6bbef9",
                "slot": "mainhand"
            },
            {
                "attribute": "minecraft:generic.movement_speed",
                "name": "generic.movement_speed",
                "amount": -0.2,
                "operation": "multiply_base",
                "id": "41fe9ff8-d9a1-42bd-8a68-9ac257e927b1",
                "slot": "mainhand"
            }
        ]
    },
    {
        "function": "minecraft:set_nbt",
        "tag": "{CustomModelData: 70002, material: 'netherite', type: 'vein_miner', effect:{mining_fatigue: 0s}, mining_level: 5, HideFlags: 2}"
    }
]