{
    "condition": "minecraft:any_of",
    "terms": [
        {
            "condition": "minecraft:location_check",
            "predicate": {
                "block": {
                    "blocks": [
                        "minecraft:wheat",
                        "minecraft:carrots",
                        "minecraft:potatoes"
                    ],
                    "state": {
                        "age": 7
                    }
                }
            }
        },
        {
            "condition": "minecraft:location_check",
            "predicate": {
                "block": {
                    "blocks": [
                        "minecraft:beetroots",
                        "minecraft:nether_wart"
                    ],
                    "state": {
                        "age": 3
                    }
                }
            }
        }
    ]
}