{
    "condition": "minecraft:any_of",
    "terms": [
        {
            "condition": "minecraft:location_check",
            "offsetX": -1,
            "offsetY": 1,
            "offsetZ": -1,
            "predicate": {
                "block": {
                    "tag": "hephaestools:sands"
                }
            }
        },
        {
            "condition": "minecraft:location_check",
            "offsetX": 0,
            "offsetY": 1,
            "offsetZ": -1,
            "predicate": {
                "block": {
                    "tag": "hephaestools:sands"
                }
            }
        },
        {
            "condition": "minecraft:location_check",
            "offsetX": 1,
            "offsetY": 1,
            "offsetZ": -1,
            "predicate": {
                "block": {
                    "tag": "hephaestools:sands"
                }
            }
        },
        {
            "condition": "minecraft:location_check",
            "offsetX": -1,
            "offsetY": 1,
            "offsetZ": 0,
            "predicate": {
                "block": {
                    "tag": "hephaestools:sands"
                }
            }
        },
        {
            "condition": "minecraft:location_check",
            "offsetX": 0,
            "offsetY": 1,
            "offsetZ": 0,
            "predicate": {
                "block": {
                    "tag": "hephaestools:sands"
                }
            }
        },
        {
            "condition": "minecraft:location_check",
            "offsetX": 1,
            "offsetY": 1,
            "offsetZ": 0,
            "predicate": {
                "block": {
                    "tag": "hephaestools:sands"
                }
            }
        },
        {
            "condition": "minecraft:location_check",
            "offsetX": -1,
            "offsetY": 1,
            "offsetZ": 1,
            "predicate": {
                "block": {
                    "tag": "hephaestools:sands"
                }
            }
        },
        {
            "condition": "minecraft:location_check",
            "offsetX": 0,
            "offsetY": 1,
            "offsetZ": 1,
            "predicate": {
                "block": {
                    "tag": "hephaestools:sands"
                }
            }
        },
        {
            "condition": "minecraft:location_check",
            "offsetX": 1,
            "offsetY": 1,
            "offsetZ": 1,
            "predicate": {
                "block": {
                    "tag": "hephaestools:sands"
                }
            }
        }
    ]
}
