{
    "condition": "minecraft:any_of",
    "terms": [
        {
            "condition": "minecraft:all_of",
            "terms": [
                {
                    "condition": "minecraft:value_check",
                    "value": {
                        "type": "minecraft:score",
                        "target": {
                            "type": "minecraft:fixed",
                            "name": "this_level"
                        },
                        "score": "int"
                    },
                    "range": {
                        "min": 1
                    }
                },
                {
                    "condition": "minecraft:location_check",
                    "predicate": {
                        "block": {
                            "tag": "minecraft:mineable/pickaxe"
                        }
                    }
                },
                {
                    "condition": "minecraft:inverted",
                    "term": {
                        "condition": "minecraft:any_of",
                        "terms": [
                            {
                                "condition": "minecraft:location_check",
                                "predicate": {
                                    "block": {
                                        "tag": "hephaestools:needs_not_wooden_tool"
                                    }
                                }
                            }
                        ]
                    }
                }
            ]
        },
        {
            "condition": "minecraft:all_of",
            "terms": [
                {
                    "condition": "minecraft:value_check",
                    "value": {
                        "type": "minecraft:score",
                        "target": {
                            "type": "minecraft:fixed",
                            "name": "this_level"
                        },
                        "score": "int"
                    },
                    "range": {
                        "min": 2
                    }
                },
                {
                    "condition": "minecraft:location_check",
                    "predicate": {
                        "block": {
                            "tag": "minecraft:needs_stone_tool"
                        }
                    }
                }
            ]
        },
        {
            "condition": "minecraft:all_of",
            "terms": [
                {
                    "condition": "minecraft:value_check",
                    "value": {
                        "type": "minecraft:score",
                        "target": {
                            "type": "minecraft:fixed",
                            "name": "this_level"
                        },
                        "score": "int"
                    },
                    "range": {
                        "min": 3
                    }
                },
                {
                    "condition": "minecraft:location_check",
                    "predicate": {
                        "block": {
                            "tag": "minecraft:needs_iron_tool"
                        }
                    }
                }
            ]
        },
        {
            "condition": "minecraft:all_of",
            "terms": [
                {
                    "condition": "minecraft:value_check",
                    "value": {
                        "type": "minecraft:score",
                        "target": {
                            "type": "minecraft:fixed",
                            "name": "this_level"
                        },
                        "score": "int"
                    },
                    "range": {
                        "min": 4
                    }
                },
                {
                    "condition": "minecraft:location_check",
                    "predicate": {
                        "block": {
                            "tag": "minecraft:needs_diamond_tool"
                        }
                    }
                }
            ]
        }
    ]
}