{
    "condition": "minecraft:any_of",
    "terms": [
        {
            "condition": "minecraft:all_of",
            "terms": [
                {
                    "condition": "minecraft:value_check",
                    "value": {
                        "type": "minecraft:score",
                        "target": {
                            "type": "minecraft:fixed",
                            "name": "this_level"
                        },
                        "score": "int"
                    },
                    "range": {
                        "min": 1
                    }
                },
                {
                    "condition": "minecraft:location_check",
                    "predicate": {
                        "block": {
                            "tag": "hephaestools:ores/wooden_level"
                        }
                    }
                }
            ]
        },
        {
            "condition": "minecraft:all_of",
            "terms": [
                {
                    "condition": "minecraft:value_check",
                    "value": {
                        "type": "minecraft:score",
                        "target": {
                            "type": "minecraft:fixed",
                            "name": "this_level"
                        },
                        "score": "int"
                    },
                    "range": {
                        "min": 2
                    }
                },
                {
                    "condition": "minecraft:location_check",
                    "predicate": {
                        "block": {
                            "tag": "hephaestools:ores/stone_level"
                        }
                    }
                }
            ]
        },
        {
            "condition": "minecraft:all_of",
            "terms": [
                {
                    "condition": "minecraft:value_check",
                    "value": {
                        "type": "minecraft:score",
                        "target": {
                            "type": "minecraft:fixed",
                            "name": "this_level"
                        },
                        "score": "int"
                    },
                    "range": {
                        "min": 3
                    }
                },
                {
                    "condition": "minecraft:location_check",
                    "predicate": {
                        "block": {
                            "tag": "hephaestools:ores/iron_level"
                        }
                    }
                }
            ]
        },
        {
            "condition": "minecraft:all_of",
            "terms": [
                {
                    "condition": "minecraft:value_check",
                    "value": {
                        "type": "minecraft:score",
                        "target": {
                            "type": "minecraft:fixed",
                            "name": "this_level"
                        },
                        "score": "int"
                    },
                    "range": {
                        "min": 4
                    }
                },
                {
                    "condition": "minecraft:location_check",
                    "predicate": {
                        "block": {
                            "tag": "hephaestools:ores/diamond_level"
                        }
                    }
                }
            ]
        }
    ]
}