{
    "condition": "minecraft:any_of",
    "terms": [
      {
        "condition": "minecraft:entity_scores",
        "entity": "this",
        "scores": {
          "useWAxe": {
            "min": 1
          }
        }
      },
      {
        "condition": "minecraft:entity_scores",
        "entity": "this",
        "scores": {
          "useSAxe": {
            "min": 1
          }
        }
      },
      {
        "condition": "minecraft:entity_scores",
        "entity": "this",
        "scores": {
          "useGAxe": {
            "min": 1
          }
        }
      },
      {
        "condition": "minecraft:entity_scores",
        "entity": "this",
        "scores": {
          "useIAxe": {
            "min": 1
          }
        }
      },
      {
        "condition": "minecraft:entity_scores",
        "entity": "this",
        "scores": {
          "useDAxe": {
            "min": 1
          }
        }
      },
      {
        "condition": "minecraft:entity_scores",
        "entity": "this",
        "scores": {
          "useNAxe": {
            "min": 1
          }
        }
      }
    ]
  }
  