{
    "condition": "minecraft:any_of",
    "terms": [
      {
        "condition": "minecraft:entity_scores",
        "entity": "this",
        "scores": {
          "useWShovel": {
            "min": 1
          }
        }
      },
      {
        "condition": "minecraft:entity_scores",
        "entity": "this",
        "scores": {
          "useSShovel": {
            "min": 1
          }
        }
      },
      {
        "condition": "minecraft:entity_scores",
        "entity": "this",
        "scores": {
          "useGShovel": {
            "min": 1
          }
        }
      },
      {
        "condition": "minecraft:entity_scores",
        "entity": "this",
        "scores": {
          "useIShovel": {
            "min": 1
          }
        }
      },
      {
        "condition": "minecraft:entity_scores",
        "entity": "this",
        "scores": {
          "useDShovel": {
            "min": 1
          }
        }
      },
      {
        "condition": "minecraft:entity_scores",
        "entity": "this",
        "scores": {
          "useNShovel": {
            "min": 1
          }
        }
      }
    ]
  }
  