{
    "pools": [
        {
            "rolls": 1,
            "entries": [
                {
                    "type": "minecraft:item",
                    "name": "minecraft:diamond_shovel",
                    "functions": [
                        {
                            "function": "minecraft:set_name",
                            "entity": "this",
                            "name": {
                                "translate": "hephaestools.excavator.diamond",
                                "fallback": "Diamond Excavator",
                                "italic": false
                            }
                        },
                        {
                            "function": "minecraft:set_nbt",
                            "tag": "{CustomModelData: 70001, material: 'diamond', type: 'excavator', effect:{mining_fatigue: 0s}, mining_level: 4}"
                        }
                    ]
                }
            ]
        }
    ]
}