{
    "pools": [
        {
            "rolls": 1,
            "entries": [
                {
                    "type": "minecraft:item",
                    "name": "minecraft:iron_shovel",
                    "functions": [
                        {
                            "function": "minecraft:set_name",
                            "entity": "this",
                            "name": {
                                "translate": "hephaestools.excavator.iron",
                                "fallback": "Iron Excavator",
                                "italic": false
                            }
                        },
                        {
                            "function": "minecraft:set_nbt",
                            "tag": "{CustomModelData: 70001, material: 'iron', type: 'excavator', effect:{mining_fatigue: 0s}, mining_level: 3}"
                        }
                    ]
                }
            ]
        }
    ]
}