{
    "pools": [
        {
            "rolls": 1,
            "entries": [
                {
                    "type": "minecraft:item",
                    "name": "minecraft:netherite_shovel",
                    "functions": [
                        {
                            "function": "reference",
                            "name": "hephaestools:tool_update/excavator"
                        }
                    ]
                }
            ]
        }
    ]
}