{
    "parent": "gallab:root",
    "display": {
        "icon": {
            "item": "minecraft:golden_pickaxe","nbt":"{CustomModelData: 70001}"
        },
        "title": {
            "translate": "hephaestools.advancement.root.title",
            "fallback": "HephaesTools"
        },
        "description": {
            "translate": "hephaestools.advancement.root.description",
            "fallback": "Adds advanced tools that add the ability to mine 3x3 blocks, cut whole trees and harvest with a right click"
        },
        "announce_to_chat": false
    },
    "criteria": {
        "requirement": {
            "trigger": "minecraft:tick"
        }
    }
}