[
    {
        "condition": "minecraft:value_check",
        "value": {
            "type": "minecraft:score",
            "target": {
                "type": "minecraft:fixed",
                "name": "this_level"
            },
            "score": "int"
        },
        "range": {
            "min": 2
        }
    },
    {
        "condition": "minecraft:entity_properties",
        "entity": "this",
        "predicate": {
            "equipment": {
                "mainhand": {
                    "tag": "minecraft:needs_stone_tool"
                }
            }
        }
    }
]