[
    {
        "condition": "minecraft:value_check",
        "value": {
            "type": "minecraft:score",
            "target": {
                "type": "minecraft:fixed",
                "name": "this_level"
            },
            "score": "int"
        },
        "range": {
            "min": 1
        }
    },
    {
        "condition": "minecraft:entity_properties",
        "entity": "this",
        "predicate": {
            "equipment": {
                "mainhand": {
                    "tag": "minecraft:mineable/pickaxe"
                }
            }
        }
    },
    {
        "condition": "minecraft:inverted",
        "term": {
            "condition": "minecraft:any_of",
            "terms": [
                {
                    "condition": "minecraft:entity_properties",
                    "entity": "this",
                    "predicate": {
                        "equipment": {
                            "mainhand": {
                                "tag": "hephaestools:needs_not_wooden_tool"
                            }
                        }
                    }
                }
            ]
        }
    }
]