{
    "pools": [
        {
            "rolls": 1,
            "entries": [
                {
                    "type": "minecraft:item",
                    "name": "warped_fungus_on_a_stick",
                    "functions": [
                        {
                            "function": "minecraft:copy_nbt",
                            "source": {
                                "type": "minecraft:storage",
                                "source": "hephaestools:data"
                            },
                            "ops": [
                                {
                                    "source": "Inv.this[0].tag",
                                    "target": "{}",
                                    "op": "merge"
                                }
                            ]
                        },
                        {
                            "function": "minecraft:set_name",
                            "entity": "this",
                            "name": {
                                "translate": "hephaestools.sickle.netherite",
                                "fallback": "Netherite Sickle",
                                "italic": false
                            }
                        },
                        {
                            "function": "minecraft:set_nbt",
                            "tag": "{CustomModelData: 70006, material: 'netherite', type: 'sickle', mining_level: 5}"
                        }
                    ]
                }
            ]
        }
    ]
}