{
    "pools": [
        {
            "rolls": 1,
            "entries": [
                {
                    "type": "minecraft:item",
                    "name": "warped_fungus_on_a_stick",
                    "functions": [
                        {
                            "function": "minecraft:set_name",
                            "entity": "this",
                            "name": {
                                "translate": "hephaestools.sickle.stone",
                                "fallback": "Stone Sickle",
                                "italic": false
                            }
                        },
                        {
                            "function": "minecraft:set_nbt",
                            "tag": "{CustomModelData: 70002, material: 'stone', type: 'sickle', mining_level: 2}"
                        }
                    ]
                }
            ]
        }
    ]
}