{
    "pools": [
        {
            "rolls": 1,
            "entries": [
                {
                    "type": "minecraft:item",
                    "name": "minecraft:warped_fungus_on_a_stick",
                    "functions": [
                        {
                            "function": "minecraft:copy_nbt",
                            "source": {
                                "type": "minecraft:storage",
                                "source": "hephaestools:data"
                            },
                            "ops": [
                                {
                                    "source": "Inv.this[0].tag",
                                    "target": "{}",
                                    "op": "merge"
                                }
                            ]
                        }
                    ]
                }
            ]
        },
        {
            "rolls":1,
            "entries":[
                {
                    "type": "minecraft:item",
                    "name": "minecraft:netherite_upgrade_smithing_template"
                }
            ]
        },
        {
            "rolls":1,
            "entries":[
                {
                    "type": "minecraft:item",
                    "name": "minecraft:netherite_ingot"
                }
            ]
        }
    ]
}