[
    {
        "condition": "minecraft:inverted",
        "term": {
            "condition": "minecraft:entity_properties",
            "entity": "this",
            "predicate": {
                "type_specific": {
                    "type": "player",
                    "gamemode": "creative"
                }
            }
        }
    },
    {
        "condition": "minecraft:any_of",
        "terms": [
            {
                "condition": "minecraft:all_of",
                "terms": [
                    {
                        "condition": "minecraft:reference",
                        "name": "hephaestools:mainhand/material/netherite"
                    },
                    {
                        "condition": "minecraft:random_chance",
                        "chance": 0.03
                    }
                ]
            },
            {
                "condition": "minecraft:all_of",
                "terms": [
                    {
                        "condition": "minecraft:reference",
                        "name": "hephaestools:mainhand/material/diamond"
                    },
                    {
                        "condition": "minecraft:random_chance",
                        "chance": 0.05
                    }
                ]
            },
            {
                "condition": "minecraft:all_of",
                "terms": [
                    {
                        "condition": "minecraft:reference",
                        "name": "hephaestools:mainhand/material/iron"
                    },
                    {
                        "condition": "minecraft:random_chance",
                        "chance": 0.44
                    }
                ]
            },
            {
                "condition": "minecraft:all_of",
                "terms": [
                    {
                        "condition": "minecraft:reference",
                        "name": "hephaestools:mainhand/material/stone"
                    },
                    {
                        "condition": "minecraft:random_chance",
                        "chance": 0.5
                    }
                ]
            },
            {
                "condition": "minecraft:all_of",
                "terms": [
                    {
                        "condition": "minecraft:reference",
                        "name": "hephaestools:mainhand/material/wooden"
                    },
                    {
                        "condition": "minecraft:random_chance",
                        "chance": 0.75
                    }
                ]
            },
            {
                "condition": "minecraft:reference",
                "name": "hephaestools:mainhand/material/golden"
            }
        ]
    }
]
