[
    {
        "condition": "minecraft:inverted",
        "term": {
            "condition": "minecraft:entity_properties",
            "entity": "this",
            "predicate": {
                "type_specific": {
                    "type": "player",
                    "gamemode": "spectator"
                }
            }
        }
    },
    {
        "condition": "minecraft:entity_properties",
        "entity": "this",
        "predicate": {
            "equipment": {
                "mainhand": {
                    "nbt": "{type: 'sickle'}"
                }
            }
        }
    }
]