{
    "pools": [
        {
            "rolls": 1,
            "entries": [
                {
                    "type": "minecraft:item",
                    "name": "minecraft:golden_axe",
                    "functions": [
                        {
                            "function": "minecraft:set_name",
                            "entity": "this",
                            "name": {
                                "translate": "hephaestools.lumberjack.golden",
                                "fallback": "Golden Lumberjack Axe",
                                "italic": false
                            }
                        },
                        {
                            "function": "minecraft:set_nbt",
                            "tag": "{CustomModelData: 70001, material: 'golden', type: 'lumberjack', effect:{mining_fatigue: 1s}, mining_level: 1}"
                        }
                    ]
                }
            ]
        }
    ]
}